,pkg_len,pkg_iat,pkt_dir
0,1440,10,-1
1,20,8,1
2,1440,29,-1
3,1042,8,-1
4,20,7,1
5,566,2209,1
6,20,102,-1
7,1440,18320,-1
8,1440,21,-1
9,20,7,1
10,1136,22,-1
11,1438,6,-1
12,20,5,1
13,1440,17,-1
14,1440,5,-1
15,20,5,1
16,1440,14,-1
17,1440,5,-1
18,20,4,1
19,1440,24,-1
20,1440,6,-1
21,20,4,1
22,1376,18,-1
23,1431,6,-1
24,20,50,1
25,1435,1418,-1
26,1436,23,-1
27,20,12,1
28,1137,38,-1
29,1393,426,-1
30,20,20,1
31,1438,526,-1
32,1270,11,-1
33,20,9,1
34,564,4132,1
35,20,141,-1
36,1439,2454,-1
37,1440,26,-1
38,20,9,1
39,1241,32,-1
40,1438,1985,-1
41,20,26,1
42,1440,52,-1
43,1436,8,-1
44,20,7,1
45,1427,25,-1
46,1406,5,-1
47,20,4,1
48,1066,21,-1
49,1436,5,-1
50,20,3,1
51,1268,17,-1
52,567,495,1
53,20,70,-1
54,1432,13792,-1
55,1440,45,-1
56,20,15,1
57,1440,40,-1
58,1110,9,-1
59,20,8,1
60,1387,4714,-1
61,1440,226,-1
62,20,17,1
63,1435,37,-1
64,1440,11,-1
65,20,8,1
66,1234,32,-1
67,1440,8826,-1
68,20,32,1
69,1440,40,-1
70,1092,10,-1
71,20,7,1
72,20,280,-1
73,568,1690,1
74,20,106,-1
75,1440,14124,-1
76,1430,36,-1
77,20,18,1
78,1435,70,-1
79,1435,15,-1
80,20,10,1
81,1401,36,-1
82,1440,13,-1
83,20,10,1
84,708,34,-1
85,1436,222,-1
86,20,20,1
87,1440,38,-1
88,1425,10,-1
89,20,8,1
90,1289,38,-1
91,568,4935,1
92,20,235,-1
93,1440,23869,-1
94,1414,30,-1
95,20,15,1
96,1428,6317,-1
97,1440,23,-1
98,20,13,1
99,1079,52,-1
100,567,1927,1
101,20,152,-1
102,1436,31712,-1
103,1429,34,-1
104,20,10,1
105,1439,46,-1
106,1440,10,-1
107,20,6,1
108,1440,24,-1
109,1440,6,-1
110,20,5,1
111,1054,24,-1
112,1440,6,-1
113,20,5,1
114,1440,17,-1
115,1185,5,-1
116,20,6,1
117,1438,22,-1
118,1438,8,-1
119,20,5,1
120,1428,4,-1
121,20,6,1
122,1440,22,-1
123,1091,7,-1
124,20,6,1
125,1347,6238,-1
126,1436,4635,-1
127,20,34,1
128,1313,56,-1
129,1440,1387,-1
130,20,22,1
131,1440,43,-1
132,1397,11,-1
133,1423,6,-1
134,1438,5,-1
135,1330,8,-1
136,1415,7,-1
137,1330,6,-1
138,20,238,1
139,1433,748,-1
140,1440,12,-1
141,20,8,1
142,1432,46,-1
143,1419,9,-1
144,20,10,1
145,1440,2259,-1
146,1440,17,-1
147,20,8,1
148,885,36,-1
149,1439,383,-1
150,20,15,1
151,1218,38,-1
152,1436,177,-1
153,20,18,1
154,1440,43,-1
155,1275,11,-1
156,20,9,1
157,1340,57,-1
158,564,3428,1
159,20,176,-1
160,1440,7304,-1
161,1438,24,-1
162,20,14,1
163,1437,33,-1
164,1119,10,-1
165,20,5,1
166,1377,2527,-1
167,1433,864,-1
168,1439,401,-1
169,1034,14,-1
170,20,9,1
171,1439,50,-1
172,1080,11,-1
173,20,9,1
174,1439,32,-1
175,1196,9,-1
176,20,8,1
177,1440,26,-1
178,1440,8,-1
179,20,6,1
180,1440,27,-1
181,1440,9,-1
182,20,7,1
183,1440,28,-1
184,1268,8,-1
185,20,8,1
186,565,808,1
187,20,93,-1
188,1435,53849,-1
189,1440,49,-1
190,20,13,1
191,1391,40,-1
192,953,30,-1
193,1376,8,-1
194,20,5,1
195,1425,27514,-1
196,1438,34,-1
197,20,13,1
198,1346,40,-1
199,1439,9,-1
200,20,8,1
201,1440,45,-1
202,1440,11,-1
203,20,9,1
204,1440,30,-1
205,1156,9,-1
206,20,8,1
207,1440,280,-1
208,1440,12,-1
209,20,8,1
210,1440,29,-1
211,1400,9,-1
212,20,7,1
213,1440,32,-1
214,1175,9,-1
215,20,11,1
216,1377,65,-1
217,1440,306,-1
218,20,13,1
219,1440,32,-1
220,1098,6,-1
221,20,5,1
222,1440,19,-1
223,1418,4,-1
224,20,4,1
225,1440,136,-1
226,1440,7,-1
227,20,4,1
228,1040,15,-1
229,1437,3,-1
230,20,3,1
231,1435,9,-1
232,1115,3,-1
233,20,4,1
234,1437,6,-1
235,1158,3,-1
236,1430,2,-1
237,1421,2,-1
238,1433,3,-1
239,1410,2,-1
240,1283,1132,-1
241,20,23,1
242,1292,45024,-1
243,565,2110,1
244,20,171,-1
245,1418,63116,-1
246,1409,64,-1
247,20,20,1
248,1237,55,-1
249,1437,456,-1
250,20,24,1
251,1438,49,-1
252,1431,12,-1
253,20,8,1
254,1027,28,-1
255,566,646,1
256,20,67,-1
257,1433,16261,-1
258,1440,41,-1
259,20,14,1
260,1440,35,-1
261,1394,10,-1
262,20,7,1
263,1407,26,-1
264,1435,20820,-1
265,20,49,1
266,1440,57,-1
267,1192,14,-1
268,20,10,1
269,1386,1572,-1
270,1440,290,-1
271,20,22,1
272,1440,45,-1
273,1265,9,-1
274,20,9,1
275,1440,40,-1
276,1440,11,-1
277,20,8,1
278,1440,31,-1
279,1137,11,-1
280,20,7,1
281,566,1401,1
282,20,98,-1
283,1440,2264,-1
284,1359,22,-1
285,20,12,1
286,1440,89,-1
287,1409,12,-1
288,1190,18,-1
289,1421,5,-1
290,20,3,1
291,20,202,-1
292,20,48507,-1
293,1429,3424,-1
294,20,33,1
295,1440,26,-1
296,1300,7,-1
297,1429,4,-1
298,1312,3,-1
299,20,210,1
300,1436,165,-1
301,1439,7,-1
302,20,5,1
303,1433,11,-1
304,1430,3,-1
305,20,3,1
306,1434,13,-1
307,1437,3,-1
308,20,3,1
309,1421,7,-1
310,1326,3,-1
311,20,134,1
312,1280,22,-1
313,1183,6,-1
314,20,265,1
315,563,2475,1
316,20,147,-1
317,1433,20442,-1
318,1438,29,-1
319,20,11,1
320,1440,32,-1
321,1434,7,-1
322,20,5,1
323,1440,15,-1
324,1431,3,-1
325,20,3,1
326,1440,13,-1
327,1435,4,-1
328,20,3,1
329,1440,11,-1
330,1026,3,-1
331,20,3,1
332,571,1584,1
333,20,14,-1
334,1440,10605,-1
335,1416,21,-1
336,20,19,1
337,1311,44,-1
338,1293,16271,-1
339,20,33,1
340,1439,4440,-1
341,1440,28,-1
342,20,14,1
343,1166,45,-1
344,1084,11,-1
345,20,11,1
346,1440,75,-1
347,1438,10,-1
348,20,6,1
349,1226,29,-1
350,1424,8929,-1
351,20,25,1
352,1440,99,-1
353,1311,11,-1
354,20,10,1
355,564,2412,1
356,20,219,-1
357,1435,7702,-1
358,1440,23,-1
359,20,12,1
360,1421,53,-1
361,1305,9,-1
362,20,4,1
363,564,2188,1
364,20,55,-1
365,1440,1373,-1
366,1435,15,-1
367,20,9,1
368,1261,24,-1
369,569,2408,1
370,20,50,-1
371,1440,5327,-1
372,1393,24,-1
373,20,13,1
374,1310,47,-1
375,565,1679,1
376,20,172,-1
377,1463,2292,1
378,98,148,1
379,20,99,-1
380,1440,8819,-1
381,1436,23,-1
382,20,16,1
383,703,56,-1
384,20,10,1
385,1440,14364,-1
386,1440,33,-1
387,20,15,1
388,1435,45,-1
389,1209,14,-1
390,20,10,1
391,1440,89,-1
392,1438,15,-1
393,20,13,1
394,1440,42,-1
395,1023,15,-1
396,20,12,1
397,1433,44712,-1
398,1440,53,-1
399,20,19,1
400,1440,57,-1
401,1440,13,-1
402,20,8,1
403,1134,38,-1
404,1440,12,-1
405,20,9,1
406,1440,37,-1
407,1036,12,-1
408,20,307,-1
409,560,5071,1
410,20,187,-1
411,1440,51856,-1
412,1342,40,-1
413,20,13,1
414,1119,50,-1
415,1436,11428,-1
416,20,34,1
417,1440,66,-1
418,1307,9,-1
419,20,7,1
420,1438,36175,-1
421,1434,28,-1
422,20,8,1
423,1247,29,-1
424,1440,532,-1
425,20,13,1
426,1434,21,-1
427,1429,5,-1
428,20,4,1
429,1069,15,-1
430,1431,14624,-1
431,20,33,1
432,1440,35,-1
433,1150,6,-1
434,20,7,1
435,1440,24,-1
436,1429,8,-1
437,1220,4,-1
438,20,190,1
439,561,1933,1
440,20,146,-1
441,1430,35046,-1
442,1440,54,-1
443,20,15,1
444,1344,48,-1
445,1440,272,-1
446,20,19,1
447,1423,32,-1
448,1440,8,-1
449,20,6,1
450,1427,26,-1
451,1437,9,-1
452,20,8,1
453,1127,33,-1
454,1440,11,-1
455,20,7,1
456,1437,53,-1
457,1369,9,-1
458,20,7,1
459,1427,25,-1
460,1418,6,-1
461,20,5,1
462,1297,19,-1
463,1434,18547,-1
464,20,46,1
465,1440,45,-1
466,1084,11,-1
467,20,8,1
468,564,882,1
469,20,95,-1
470,1357,6448,-1
471,1440,665,-1
472,20,26,1
473,1427,35,-1
474,1391,6,-1
475,20,4,1
476,1283,24,-1
477,1428,17235,-1
478,20,42,1
479,1436,40,-1
480,1341,13,-1
481,20,268,1
482,1332,78,-1
483,566,1920,1
484,20,80,-1
485,1363,10512,-1
486,1440,663,-1
487,20,27,1
488,1440,61,-1
489,1368,10,-1
490,20,7,1
491,1438,33,-1
492,1425,8,-1
493,20,5,1
494,1440,13,-1
495,1402,6,-1
496,1431,3,-1
497,593,3,-1
498,1426,173,-1
499,1305,18,-1
500,20,396,1
501,564,1828,1
502,20,176,-1
503,1416,504,-1
504,20,25,-1
505,1422,58034,-1
506,1440,54,-1
507,20,15,1
508,1346,33,-1
509,1440,8,-1
510,20,7,1
511,1440,23,-1
512,1048,6,-1
513,20,4,1
514,1440,20,-1
515,1440,7,-1
516,20,5,1
517,1440,19,-1
518,1061,6,-1
519,20,5,1
520,1440,18,-1
521,1440,6,-1
522,20,4,1
523,1440,19,-1
524,1440,6,-1
525,20,7,1
526,1440,24,-1
527,842,9,-1
528,1294,92,-1
529,1372,3909,-1
530,20,17,1
531,1439,675,-1
532,1205,16,-1
533,20,9,1
534,1430,16930,-1
535,1303,21,-1
536,20,9,1
537,562,557,1
538,20,138,-1
539,326,49050,-1
540,562,22496,1
541,20,203,-1
542,1342,43012,-1
543,561,2041,1
544,20,230,-1
545,923,42650,-1
546,1440,4504,-1
547,20,24,1
548,1230,55,-1
549,811,20367,-1
550,20,30,1
551,1396,38066,-1
552,20,38,1
553,1437,181,-1
554,1434,17,-1
555,20,11,1
556,1438,39,-1
557,1275,11,-1
558,20,11,1
559,1438,82,-1
560,1432,11,-1
561,20,9,1
562,1205,33,-1
563,20,39308,1
564,498,39910,-1
565,1423,16000,-1
566,20,36,1
567,1440,67,-1
568,1440,11,-1
569,20,8,1
570,1102,33,-1
571,20,18,1
572,1433,1333,-1
573,1435,14,-1
574,20,8,1
575,1383,38,-1
576,1429,5,-1
577,1440,4,-1
578,1143,3,-1
579,1420,3,-1
580,1294,4,-1
581,20,319,1
582,563,4018,1
583,20,173,-1
584,1432,14157,-1
585,1440,43,-1
586,20,19,1
587,1438,41,-1
588,1031,8,-1
589,20,6,1
590,1438,25,-1
591,1083,7,-1
592,20,6,1
593,1440,25,-1
594,1440,5,-1
595,20,5,1
596,1440,20,-1
597,1437,6,-1
598,20,5,1
599,1440,30,-1
600,20,11,1
601,1439,49,-1
602,937,12,-1
603,20,9,1
604,1440,49,-1
605,1221,11,-1
606,20,10,1
607,1440,35,-1
608,1440,9,-1
609,20,6,1
610,1439,29,-1
611,1440,9,-1
612,20,10,1
613,1440,33,-1
614,1440,9,-1
615,1393,5,-1
616,1438,6,-1
617,1003,7,-1
618,20,438,1
619,565,3772,1
620,20,233,-1
621,564,5275,1
622,20,175,-1
623,1425,1973,-1
624,20,156,-1
625,1438,48353,-1
626,1440,39,-1
627,20,16,1
628,1440,60,-1
629,1436,11,-1
630,20,11,1
631,1438,42,-1
632,1440,13,-1
633,20,9,1
634,1094,32,-1
635,1252,10,-1
636,20,439,1
637,564,2799,1
638,20,144,-1
639,1440,3464,-1
640,1440,23,-1
641,20,9,1
642,1197,39,-1
643,1440,8,-1
644,20,8,1
645,1435,36,-1
646,1440,9,-1
647,20,7,1
648,1440,24,-1
649,1440,7,-1
650,20,4,1
651,954,19,-1
652,1435,8,-1
653,20,4,1
654,1440,12,-1
655,1398,3,-1
656,20,2,1
657,554,348,1
658,86,38,-1
659,1440,2,-1
660,1430,1,-1
661,20,2,1
662,1440,13,-1
663,1409,5,-1
664,20,4,1
665,1440,294,-1
666,1435,9,-1
667,20,7,1
668,1440,32,-1
669,1381,8,-1
670,20,7,1
671,1415,27,-1
672,1323,50,-1
673,567,466,1
674,20,87,-1
675,1433,15202,-1
676,1440,44,-1
677,20,16,1
678,912,39,-1
679,1440,14171,-1
680,20,44,1
681,1440,48,-1
682,1247,10,-1
683,20,8,1
684,1323,4078,-1
685,1440,2103,-1
686,20,21,1
687,1440,42,-1
688,1193,10,-1
689,20,8,1
690,1440,37,-1
691,1440,7,-1
692,20,6,1
693,1439,22,-1
694,1247,7,-1
695,20,5,1
696,1440,15,-1
697,20,10,1
698,1263,29,-1
699,1440,8,-1
700,20,6,1
701,1438,22,-1
702,803,7,-1
703,20,6,1
704,1440,23,-1
705,1436,8,-1
706,20,7,1
707,1440,73,-1
708,1439,7,-1
709,20,7,1
710,1440,31,-1
711,1440,9,-1
712,20,7,1
713,1440,31,-1
714,1440,7,-1
715,1439,4,-1
716,1259,4,-1
717,1440,4,-1
718,1037,4,-1
719,1440,4,-1
720,1440,42,-1
721,1438,9,-1
722,20,8,1
723,1048,31,-1
724,568,937,1
725,20,136,-1
726,1436,50372,-1
727,1053,39,-1
728,20,19,1
729,1438,41140,-1
730,1436,36,-1
731,20,16,1
732,1435,48,-1
733,1434,13,-1
734,20,9,1
735,1329,35,-1
736,1390,284,-1
737,20,18,1
738,564,799,1
739,20,119,-1
740,1440,2536,-1
741,1440,17,-1
742,20,10,1
743,878,46,-1
744,1438,2723,-1
745,1440,19,-1
746,20,10,1
747,1176,40,-1
748,565,610,1
749,20,155,-1
750,1335,31115,-1
751,569,3924,1
752,20,249,-1
753,233,53799,-1
754,1395,32615,-1
755,20,52,1
756,1440,556,-1
757,1196,18,-1
758,20,10,1
759,1439,3162,-1
760,1440,21,-1
761,20,11,1
762,1236,39,-1
763,1440,601,-1
764,20,21,1
765,1440,46,-1
766,1180,16,-1
767,20,11,1
768,1440,422,-1
769,1140,11,-1
770,20,8,1
771,1440,28,-1
772,1305,9,-1
773,20,248,1
774,1440,4245,-1
775,1435,11,-1
776,20,6,1
777,1440,19,-1
778,1440,5,-1
779,20,4,1
780,1440,20,-1
781,1440,9,-1
782,20,5,1
783,1093,23,-1
784,1440,5,-1
785,20,4,1
786,1440,16,-1
787,1440,6,-1
788,20,5,1
789,674,13,-1
790,576,659,1
791,20,82,-1
792,1429,8545,-1
793,20,36,1
794,1440,65,-1
795,1094,14,-1
796,20,8,1
797,1438,19520,-1
798,1433,38,-1
799,20,21,1
800,1437,62,-1
801,760,15,-1
802,20,11,1
803,1440,82,-1
804,1440,13,-1
805,20,10,1
806,1440,41,-1
807,1434,11,-1
808,20,11,1
809,1440,40,-1
810,1432,13,-1
811,20,13,1
812,1440,41,-1
813,1417,12,-1
814,20,11,1
815,1409,60,-1
816,1440,16,-1
817,927,7,-1
818,1438,9,-1
819,1347,7,-1
820,20,324,1
821,559,10457,1
822,20,165,-1
823,1358,1100,1
824,20,121,1
825,20,48,1
826,1440,1887,-1
827,1431,16,-1
828,20,9,1
829,1440,41,-1
830,1376,12,-1
831,20,8,1
832,1438,601,-1
833,1436,11,-1
834,20,9,1
835,1440,77,-1
836,1107,11,-1
837,1422,5,-1
838,1439,6,-1
839,1370,6,-1
840,1224,13,-1
841,20,11,1
842,1440,30004,-1
843,1394,28,-1
844,20,12,1
845,1286,46,-1
846,556,7265,-1
847,20,21,1
848,1440,12205,-1
849,1403,32,-1
850,20,14,1
851,1440,142,-1
852,1410,12,-1
853,20,10,1
854,1436,40,-1
855,1428,9,-1
856,1101,4,-1
857,20,256,1
858,562,1834,1
859,20,211,-1
860,1436,1771,-1
861,1305,18,-1
862,20,9,1
863,591,1503,1
864,1428,364,-1
865,20,16,1
866,1440,75,-1
867,1404,9,-1
868,20,7,1
869,1136,24,-1
870,564,836,1
871,20,163,-1
872,1429,45272,-1
873,1439,44,-1
874,20,14,1
875,1422,31,-1
876,1435,8,-1
877,20,7,1
878,1404,28,-1
879,1434,8,-1
880,20,8,1
881,1435,31,-1
882,1440,9,-1
883,20,8,1
884,805,31,-1
885,571,3968,1
886,20,144,-1
887,593,971,1
888,1434,5492,-1
889,1440,30,-1
890,20,12,1
891,1440,32,-1
892,1440,10,-1
893,20,7,1
894,1440,26,-1
895,1076,6,-1
896,20,5,1
897,1440,21,-1
898,1440,7,-1
899,20,5,1
900,1037,23,-1
901,1440,685,-1
902,20,10,1
903,1440,20,-1
904,1239,8,-1
905,20,6,1
906,566,1318,1
907,20,88,-1
908,1440,3466,-1
909,1069,20,-1
910,20,8,1
911,1440,39,-1
912,1440,75,-1
913,1440,10,-1
914,20,6,1
915,1438,26,-1
916,1410,9,-1
917,20,8,1
918,1435,33,-1
919,1433,8,-1
920,20,7,1
921,1426,27,-1
922,1356,9,-1
923,20,277,1
924,20,102,-1
925,565,429,1
926,20,109,-1
927,572,17665,-1
928,20,39165,1
929,1415,31953,-1
930,1432,147,-1
931,20,23,1
932,1438,53,-1
933,1261,16,-1
934,20,12,1
935,1434,57,-1
936,1105,7,-1
937,568,565,1
938,20,108,-1
939,1440,1005,-1
940,1440,9,-1
941,20,5,1
942,1361,22,-1
943,1440,5,-1
944,20,4,1
945,1069,13,-1
946,1437,18366,-1
947,20,43,1
948,1440,30,-1
949,1440,6,-1
950,20,4,1
951,1439,18,-1
952,1119,5,-1
953,20,6,1
954,1434,24,-1
955,1440,7,-1
956,20,6,1
957,1440,21,-1
958,1435,6,-1
959,20,6,1
960,1146,28,-1
961,602,778,-1
962,20,10,1
963,1440,241,-1
964,1353,15,-1
965,20,19,1
966,564,2756,1
967,20,62,-1
968,1433,31436,-1
969,1440,48,-1
970,20,19,1
971,1084,40,-1
972,1440,483,-1
973,20,16,1
974,1440,34,-1
975,1429,7,-1
976,20,6,1
977,1423,28,-1
978,1440,9,-1
979,20,9,1
980,1440,25,-1
981,1420,6,-1
982,20,5,1
983,1415,27,-1
984,20,254,-1
985,1353,6685,-1
986,1440,683,-1
987,20,26,1
988,1440,61,-1
989,1418,14,-1
990,20,9,1
991,1440,43,-1
992,1422,11,-1
993,20,7,1
994,1440,28,-1
995,1074,10,-1
996,20,7,1
997,1440,19,-1
998,1042,9,-1
999,20,6,1
1000,1440,1269,-1
1001,1434,16,-1
1002,20,10,1
1003,1440,38,-1
1004,1440,10,-1
1005,20,7,1
1006,1440,23,-1
1007,1342,7,-1
1008,20,7,1
1009,916,34,-1
1010,1440,698,-1
1011,20,17,1
1012,1440,54,-1
1013,1299,15,-1
1014,20,8,1
1015,1403,21683,-1
1016,1440,88,-1
1017,20,16,1
1018,1439,61,-1
1019,1439,10,-1
1020,20,6,1
1021,1084,23,-1
1022,1439,3924,-1
1023,20,18,1
1024,1440,41,-1
1025,1315,11,-1
1026,20,9,1
1027,566,843,1
1028,20,205,-1
1029,1439,2115,-1
1030,1404,19,-1
1031,20,10,1
1032,1426,60,-1
1033,20,15,1
1034,1439,45,-1
1035,1440,10,-1
1036,20,7,1
1037,1440,33,-1
1038,1431,7,-1
1039,20,6,1
1040,1440,29,-1
1041,1212,9,-1
1042,20,6,1
1043,1440,27,-1
1044,1075,10,-1
1045,20,5,1
1046,564,1177,1
1047,20,134,-1
1048,1412,14728,-1
1049,1435,110,-1
1050,20,23,1
1051,1440,83,-1
1052,1431,9,-1
1053,20,7,1
1054,965,29,-1
1055,536,601,1
1056,20,4,1
1057,1440,5006,-1
1058,1437,23,-1
1059,20,10,1
1060,1440,37,-1
1061,1293,10,-1
1062,20,9,1
1063,1440,35,-1
1064,959,6,-1
1065,20,5,1
1066,1440,23,-1
1067,1059,6,-1
1068,20,6,1
1069,1440,25,-1
1070,1436,7,-1
1071,20,6,1
1072,1440,20,-1
1073,1432,7,-1
1074,20,4,1
1075,1345,21,-1
1076,571,997,1
1077,20,141,-1
1078,567,4027,1
1079,20,225,-1
1080,20,14,1
1081,1438,86,-1
1082,1435,17,-1
1083,20,9,1
1084,1437,42,-1
1085,1428,15,-1
1086,20,9,1
1087,1273,42,-1
1088,1432,18280,-1
1089,20,49,1
1090,1275,48,-1
1091,1373,15644,-1
1092,20,39,1
1093,1439,4999,-1
1094,1428,35,-1
1095,20,19,1
1096,1440,53,-1
1097,1097,16,-1
1098,20,13,1
1099,1440,74,-1
1100,1407,15,-1
1101,20,13,1
1102,1440,39,-1
1103,1030,13,-1
1104,20,25,1
1105,1344,61,-1
1106,1438,2080,-1
1107,20,27,1
1108,1417,76,-1
1109,1412,12,-1
1110,20,9,1
1111,1286,45,-1
1112,1422,19836,-1
1113,20,61,1
1114,1440,76,-1
1115,1139,15,-1
1116,20,9,1
1117,1440,2786,-1
1118,1411,22,-1
1119,20,13,1
1120,1320,45,-1
1121,1423,26047,-1
1122,20,50,1
1123,1440,77,-1
1124,1102,17,-1
1125,20,17,1
1126,1399,646,-1
1127,1440,131,-1
1128,20,17,1
1129,1440,631,-1
1130,1440,12,-1
1131,20,7,1
1132,1060,31,-1
1133,1376,7,-1
1134,20,5,1
1135,1440,3496,-1
1136,1440,23,-1
1137,20,10,1
1138,1401,36,-1
1139,1440,14,-1
1140,20,9,1
1141,1436,35,-1
1142,1440,11,-1
1143,20,7,1
1144,1002,31,-1
1145,1440,10,-1
1146,20,8,1
1147,1429,38,-1
1148,1440,17,-1
1149,20,11,1
1150,1440,32,-1
1151,1420,10,-1
1152,1433,83,-1
1153,1414,11,-1
1154,20,10,1
1155,1437,77,-1
1156,1439,15,-1
1157,20,10,1
1158,1434,49,-1
1159,1394,15,-1
1160,20,12,1
1161,1434,56,-1
1162,1440,14,-1
1163,20,10,1
1164,1184,55,-1
1165,1437,13,-1
1166,20,11,1
1167,1435,54,-1
1168,1440,14,-1
1169,1418,8,-1
1170,1438,8,-1
1171,1440,7,-1
1172,1024,7,-1
1173,1433,8,-1
1174,1360,5,-1
1175,61,414,1
1176,20,5,1
1177,1438,22,-1
1178,1440,4,-1
1179,20,3,1
1180,1253,13,-1
1181,1440,1024,-1
1182,20,11,1
1183,1433,22,-1
1184,1431,4,-1
1185,20,4,1
1186,1433,21,-1
1187,1437,6,-1
1188,20,4,1
1189,1431,19,-1
1190,1437,8,-1
1191,20,5,1
1192,1438,36,-1
1193,1436,10,-1
1194,20,9,1
1195,1428,32,-1
1196,1092,11,-1
1197,20,391,1
1198,559,2647,1
1199,20,246,-1
1200,20,11,1
1201,1438,52,-1
1202,1028,11,-1
1203,20,9,1
1204,1440,37,-1
1205,1428,11,-1
1206,20,10,1
1207,1440,56,-1
1208,1438,12,-1
1209,20,9,1
1210,993,52,-1
1211,1440,10,-1
1212,20,6,1
1213,1440,23,-1
1214,1440,9,-1
1215,20,7,1
1216,1440,27,-1
1217,1440,7,-1
1218,20,5,1
1219,1435,18,-1
1220,1410,7,-1
1221,1383,5,-1
1222,1435,3,-1
1223,1399,3,-1
1224,20,306,-1
1225,557,7998,1
1226,20,213,-1
1227,1439,23590,-1
1228,1440,33,-1
1229,20,11,1
1230,1437,29,-1
1231,577,9,-1
1232,20,6,1
1233,1394,51183,-1
1234,1437,231,-1
1235,20,16,1
1236,1431,34,-1
1237,1440,6,-1
1238,20,5,1
1239,1438,20,-1
1240,1440,5,-1
1241,20,4,1
1242,1440,16,-1
1243,1437,5,-1
1244,20,5,1
1245,1439,24,-1
1246,1276,7,-1
1247,20,7,1
1248,1192,13,-1
1249,20,10,1
1250,1437,9814,-1
1251,1440,36,-1
1252,20,15,1
1253,1168,47,-1
1254,1440,1243,-1
1255,20,21,1
1256,1436,39,-1
1257,1421,10,-1
1258,20,10,1
1259,1150,32,-1
1260,1438,674,-1
1261,20,20,1
1262,1440,45,-1
1263,1061,12,-1
1264,20,9,1
1265,1433,1116,-1
1266,1436,14,-1
1267,20,10,1
1268,1312,31,-1
1269,1428,16037,-1
1270,20,34,1
1271,1440,40,-1
1272,549,336,1
1273,20,105,-1
1274,1435,14628,-1
1275,1440,20,-1
1276,20,7,1
1277,1440,15,-1
1278,1436,3,-1
1279,20,2,1
1280,1440,7,-1
1281,1439,1,-1
1282,20,2,1
1283,1434,7,-1
1284,1435,1,-1
1285,20,1,1
1286,1438,6,-1
1287,1354,2,-1
1288,20,2,1
1289,573,368,1
1290,20,88,-1
1291,1440,611,-1
1292,1440,6,-1
1293,20,2,1
1294,1434,17,-1
1295,1294,4,-1
1296,1427,22,-1
1297,1432,24,-1
1298,1429,10,-1
1299,1407,8,-1
1300,1147,6,-1
1301,20,246,1
1302,1366,37366,-1
1303,120,4632,1
1304,1363,129,-1
1305,20,74,1
1306,554,340,1
1307,20,152,-1
1308,1435,64531,-1
1309,1422,49,-1
1310,20,16,1
1311,1214,60,-1
1312,1440,5267,-1
1313,20,29,1
1314,1439,52,-1
1315,1433,9,-1
1316,20,8,1
1317,1308,29,-1
1318,1431,9,-1
1319,20,7,1
1320,1431,30770,-1
1321,1440,47,-1
1322,20,14,1
1323,1440,39,-1
1324,1125,11,-1
1325,20,6,1
1326,568,608,1
1327,20,76,-1
1328,1439,12564,-1
1329,1438,33,-1
1330,20,14,1
1331,1437,40,-1
1332,1318,12,-1
1333,20,9,1
1334,1440,38,-1
1335,1440,10,-1
1336,20,7,1
1337,1120,32,-1
1338,1439,9,-1
1339,20,6,1
1340,1436,19,-1
1341,1439,5,-1
1342,20,5,1
1343,1440,23,-1
1344,20,9,1
1345,1440,28,-1
1346,1433,5,-1
1347,20,4,1
1348,1440,23,-1
1349,1432,5,-1
1350,20,4,1
1351,1439,18,-1
1352,1440,7,-1
1353,20,5,1
1354,1439,17,-1
1355,1440,7,-1
1356,20,6,1
1357,879,22,-1
1358,1440,6,-1
1359,1333,6,-1
1360,20,246,1
1361,553,1408,1
1362,20,243,-1
1363,1389,5996,-1
1364,1440,411,-1
1365,20,20,1
1366,1440,70,-1
1367,1426,13,-1
1368,1438,15,-1
1369,20,9,1
1370,1215,30,-1
1371,1440,984,-1
1372,20,13,1
1373,1440,26,-1
1374,1139,11,-1
1375,20,9,1
1376,564,742,1
1377,20,104,-1
1378,1432,15778,-1
1379,1432,45,-1
1380,20,16,1
1381,1440,40,-1
1382,1203,10,-1
1383,20,7,1
1384,1440,31,-1
1385,1440,10,-1
1386,20,8,1
1387,938,31,-1
1388,1437,310,-1
1389,20,21,1
1390,1440,45,-1
1391,1380,10,-1
1392,1440,141,-1
1393,20,14,1
1394,1430,37,-1
1395,1437,10,-1
1396,20,8,1
1397,1440,30,-1
1398,937,9,-1
1399,20,8,1
1400,1440,24548,-1
1401,1432,24,-1
1402,20,10,1
1403,1440,30,-1
1404,1418,8,-1
1405,20,6,1
1406,1424,26,-1
1407,1440,7,-1
1408,20,6,1
1409,1426,24,-1
1410,1437,6,-1
1411,20,5,1
1412,1024,27,-1
1413,566,539,1
1414,20,93,-1
1415,1407,48493,-1
1416,1062,40,-1
1417,1438,7,-1
1418,20,5,1
1419,1440,27,-1
1420,1414,8,-1
1421,20,5,1
1422,1258,22,-1
1423,1440,4213,-1
1424,20,17,1
1425,1440,34,-1
1426,1234,8,-1
1427,20,7,1
1428,1439,26287,-1
1429,1440,31,-1
1430,20,11,1
1431,1068,34,-1
1432,1354,4939,-1
1433,20,20,1
1434,561,382,1
1435,20,90,-1
1436,1438,9442,-1
1437,1429,29,-1
1438,20,10,1
1439,1405,42,-1
1440,20,8,1
1441,575,8484,1
1442,20,143,-1
1443,503,64531,-1
1444,563,6494,1
1445,20,176,-1
1446,516,64531,-1
1447,20,37088,1
1448,552,64531,1
1449,20,198,-1
1450,561,33647,1
1451,20,174,-1
1452,674,208,1
1453,20,101,-1
1454,570,62444,-1
1455,20,100,1
1456,562,39999,1
1457,20,198,-1
1458,569,260,1
1459,20,147,-1
1460,565,168,1
1461,20,175,-1
1462,563,306,1
1463,20,77,-1
1464,20,338,-1
1465,559,3350,1
1466,20,200,-1
1467,1440,40022,-1
1468,1440,36,-1
1469,20,15,1
1470,1438,39,-1
1471,1439,11,-1
1472,20,7,1
1473,1440,31,-1
1474,1440,8,-1
1475,20,6,1
1476,1051,26,-1
1477,1440,5,-1
1478,20,6,1
1479,1438,28,-1
1480,994,5,-1
1481,20,4,1
1482,1440,23,-1
1483,1440,7,-1
1484,20,6,1
1485,1440,26,-1
1486,1440,7,-1
1487,20,6,1
1488,20,15,1
1489,1438,40,-1
1490,1440,8,-1
1491,20,5,1
1492,1378,18,-1
1493,1344,6,-1
1494,20,6,1
1495,1351,8915,-1
1496,1440,670,-1
1497,20,16,1
1498,1424,35,-1
1499,1112,9,-1
1500,20,7,1
1501,1440,17655,-1
1502,1396,23,-1
1503,20,8,1
1504,1440,29,-1
1505,1306,7,-1
1506,20,6,1
1507,1347,29,-1
1508,562,1254,1
1509,20,171,-1
1510,1440,24093,-1
1511,1370,37,-1
1512,20,153,-1
1513,1434,50554,-1
1514,1440,37,-1
1515,20,16,1
1516,996,51,-1
1517,1440,12,-1
1518,20,9,1
1519,1440,37,-1
1520,1426,9,-1
1521,20,8,1
1522,1440,31,-1
1523,1440,9,-1
1524,20,7,1
1525,1439,32,-1
1526,1440,9,-1
1527,20,7,1
1528,1436,23,-1
1529,1440,8,-1
1530,20,7,1
1531,1437,23,-1
1532,1438,7,-1
1533,20,7,1
1534,1440,34,-1
1535,1314,9,-1
1536,1440,20,-1
1537,20,6,1
1538,984,18,-1
1539,1435,5,-1
1540,20,3,1
1541,1439,12,-1
1542,963,3,-1
1543,20,3,1
1544,1440,1394,-1
1545,1440,15,-1
1546,20,8,1
1547,1440,26,-1
1548,1082,8,-1
1549,20,8,1
1550,1440,33,-1
1551,1382,7,-1
1552,20,6,1
1553,1440,19240,-1
1554,1440,43,-1
1555,20,18,1
1556,1440,51,-1
1557,1236,11,-1
1558,20,12,1
1559,1411,41,-1
1560,559,548,1
1561,20,94,-1
1562,1328,112,1
1563,20,150,-1
1564,530,66,1
1565,20,123,-1
1566,1480,215,1
1567,1193,100,1
1568,20,104,-1
1569,1343,6006,-1
1570,1429,7923,-1
1571,20,30,1
1572,1434,81,-1
1573,1432,13,-1
1574,20,7,1
1575,1124,28,-1
1576,1440,17892,-1
1577,20,41,1
1578,1440,64,-1
1579,1170,13,-1
1580,20,9,1
1581,1440,1943,-1
1582,1440,15,-1
1583,20,8,1
1584,1429,5611,-1
1585,1440,29,-1
1586,20,15,1
1587,1420,47,-1
1588,1440,16,-1
1589,20,14,1
1590,1439,46,-1
1591,1438,12,-1
1592,20,12,1
1593,1425,37,-1
1594,1440,11,-1
1595,20,8,1
1596,942,26,-1
1597,1437,18253,-1
1598,20,50,1
1599,1438,42,-1
1600,1440,10,-1
1601,20,7,1
1602,1439,33,-1
1603,1148,10,-1
1604,20,8,1
1605,1439,32,-1
1606,1398,10,-1
1607,20,9,1
1608,20,7,1
1609,1440,42274,-1
1610,1440,32,-1
1611,20,13,1
1612,1145,36,-1
1613,1440,11,-1
1614,20,8,1
1615,1424,33,-1
1616,1334,9,-1
1617,20,7,1
1618,1440,50,-1
1619,1165,10,-1
1620,20,9,1
1621,565,5524,1
1622,20,108,-1
1623,562,2695,1
1624,20,126,-1
1625,564,565,1
1626,20,47,-1
1627,1477,650,1
1628,1310,128,1
1629,20,133,-1
1630,1440,4944,-1
1631,1438,20,-1
1632,20,10,1
1633,1203,39,-1
1634,567,1131,1
1635,20,100,-1
1636,1433,46135,-1
1637,1427,53,-1
1638,20,18,1
1639,1102,53,-1
1640,1440,467,-1
1641,20,22,1
1642,1337,45,-1
1643,1239,9,-1
1644,20,8,1
1645,1367,348,-1
1646,1440,351,-1
1647,20,14,1
1648,1438,45,-1
1649,1298,13,-1
1650,20,12,1
1651,1432,33886,-1
1652,1432,33,-1
1653,20,12,1
1654,1159,41,-1
1655,1425,28951,-1
1656,1440,1194,-1
1657,20,15,1
1658,1440,35,-1
1659,1114,8,-1
1660,20,6,1
1661,1440,2366,-1
1662,1440,17,-1
1663,20,9,1
1664,1440,33,-1
1665,1232,11,-1
1666,20,8,1
1667,563,1047,1
1668,20,87,-1
1669,1440,16969,-1
1670,1440,37,-1
1671,20,13,1
1672,1130,42,-1
1673,1424,21278,-1
1674,20,58,1
1675,1440,65,-1
1676,1279,14,-1
1677,20,11,1
1678,1434,41,-1
1679,1220,13,-1
1680,1439,22,-1
1681,20,11,1
1682,1182,40,-1
1683,565,5614,1
1684,20,212,-1
1685,1436,28831,-1
1686,1440,41,-1
1687,20,16,1
1688,1019,45,-1
1689,1440,437,-1
1690,20,16,1
1691,1397,34,-1
1692,1436,10,-1
1693,20,11,1
1694,1440,27,-1
1695,1433,8,-1
1696,20,8,1
1697,1353,24,-1
1698,1240,5,-1
1699,20,6,1
1700,1353,7608,-1
1701,565,1044,1
1702,20,75,-1
1703,1399,10665,-1
1704,20,215,-1
1705,569,5884,1
1706,20,146,-1
1707,564,208,1
1708,20,129,-1
1709,1130,485,1
1710,20,131,-1
1711,1365,35083,-1
1712,1397,567,-1
1713,20,46,1
1714,1362,718,-1
1715,20,24,1
1716,560,48694,1
1717,20,213,-1
1718,572,210,1
1719,20,153,1
1720,20,136,-1
1721,565,3015,1
1722,20,161,-1
1723,562,794,1
1724,20,69,-1
1725,588,4358,1
1726,20,178,-1
1727,1375,91,-1
1728,20,13,1
1729,1438,35,-1
1730,1300,11,-1
1731,20,7,1
1732,566,808,1
1733,20,154,-1
1734,1429,29816,-1
1735,1416,28,-1
1736,20,12,1
1737,1177,45,-1
1738,20,42120,1
1739,1432,7013,-1
1740,1400,37,-1
1741,20,15,1
1742,1313,72,-1
1743,568,1865,1
1744,20,171,-1
1745,1430,39294,-1
1746,1435,51,-1
1747,20,19,1
1748,1195,49,-1
1749,1437,3485,-1
1750,20,25,1
1751,1421,46,-1
1752,20,13,1
1753,147,1250,-1
1754,1440,9358,-1
1755,20,26,1
1756,1436,50,-1
1757,1313,15,-1
1758,20,10,1
1759,1439,17942,-1
1760,1409,23,-1
1761,20,13,1
1762,1433,44,-1
1763,1439,15,-1
1764,20,11,1
1765,1142,44,-1
1766,1440,9,-1
1767,20,8,1
1768,1440,34,-1
1769,1345,11,-1
1770,20,9,1
1771,1302,29,-1
1772,1429,27079,-1
1773,20,45,1
1774,1437,52,-1
1775,1440,15,-1
1776,20,7,1
1777,1440,23,-1
1778,994,7,-1
1779,20,4,1
1780,1440,2030,-1
1781,1440,16,-1
1782,20,9,1
1783,1440,43,-1
1784,1440,13,-1
1785,20,9,1
1786,1420,30,-1
1787,1440,11,-1
1788,1390,6,-1
1789,1337,4,-1
1790,20,218,1
1791,1439,317,-1
1792,1440,15,-1
1793,966,5,-1
1794,20,138,1
1795,1440,98,-1
1796,1438,15,-1
1797,1045,5,-1
1798,20,211,1
1799,579,708,1
1800,1306,7,-1
1801,20,5,1
1802,1433,1453,-1
1803,1327,12,-1
1804,20,6,1
1805,557,814,1
1806,20,93,-1
1807,559,1320,1
1808,20,114,-1
1809,1239,58,1
1810,20,94,-1
1811,1319,6222,-1
1812,558,1520,1
1813,20,155,-1
1814,557,15216,1
1815,20,189,-1
1816,561,5955,1
1817,20,74,-1
1818,552,142,1
1819,20,157,-1
1820,1439,3108,-1
1821,1432,22,-1
1822,20,9,1
1823,1267,33,-1
1824,1440,69,-1
1825,1427,12,-1
1826,20,10,1
1827,1339,40,-1
1828,1437,256,-1
1829,20,19,1
1830,1437,40,-1
1831,1391,14,-1
1832,20,11,1
1833,1440,56,-1
1834,1070,15,-1
1835,20,8,1
1836,1338,36,-1
1837,560,1042,1
1838,20,153,-1
1839,561,7791,1
1840,20,81,-1
1841,189,54088,-1
1842,1356,41455,-1
1843,20,285,1
1844,1436,14779,-1
1845,1217,44,-1
1846,20,18,1
1847,1373,77,-1
1848,1324,26,-1
1849,1433,8,-1
1850,1299,6,-1
1851,20,197,1
1852,20,1214,-1
1853,566,2392,1
1854,20,88,-1
1855,1410,12970,-1
1856,1440,100,-1
1857,20,15,1
1858,1184,46,-1
1859,1436,391,-1
1860,20,16,1
1861,1440,54,-1
1862,1042,11,-1
1863,20,8,1
1864,1434,1065,-1
1865,1438,19,-1
1866,20,15,1
1867,1436,56,-1
1868,1429,10,-1
1869,20,8,1
1870,1437,30,-1
1871,1429,6,-1
1872,1186,28,-1
1873,1440,10,-1
1874,20,6,1
1875,1178,33,-1
1876,1436,12,-1
1877,20,10,1
1878,1440,57,-1
1879,1073,8,-1
1880,20,8,1
1881,1440,40,-1
1882,1440,9,-1
1883,20,7,1
1884,1436,27,-1
1885,1438,8,-1
1886,20,7,1
1887,1436,44,-1
1888,1440,9,-1
1889,20,9,1
1890,1433,46,-1
1891,1440,9,-1
1892,1424,5,-1
1893,971,6,-1
1894,1388,94,-1
1895,126,491,1
1896,20,9,1
1897,1440,13946,-1
1898,1440,29,-1
1899,20,13,1
1900,1271,44,-1
1901,1440,16,-1
1902,20,9,1
1903,1390,35,-1
1904,1439,11,-1
1905,20,11,1
1906,1440,42,-1
1907,1436,14,-1
1908,20,10,1
1909,1177,36,-1
1910,1440,12,-1
1911,20,9,1
1912,1439,37,-1
1913,1440,12,-1
1914,20,11,1
1915,1440,48,-1
1916,1440,14,-1
1917,1222,10,-1
1918,1440,8,-1
1919,799,7,-1
1920,1316,29,-1
1921,571,1883,1
1922,20,190,-1
1923,1339,6987,-1
1924,1440,1085,-1
1925,20,20,1
1926,1434,41,-1
1927,1408,11,-1
1928,20,9,1
1929,1427,37,-1
1930,1408,8,-1
1931,20,7,1
1932,1437,32,-1
1933,1426,8,-1
1934,20,7,1
1935,1153,35,-1
1936,567,2754,1
1937,20,185,-1
1938,1439,47738,-1
1939,1395,38,-1
1940,20,13,1
1941,1392,37,-1
1942,1390,8,-1
1943,20,6,1
1944,20,118,-1
1945,1434,1786,-1
1946,1440,22,-1
1947,20,12,1
1948,1255,36,-1
1949,1439,2919,-1
1950,20,20,1
1951,1440,34,-1
1952,1425,8,-1
1953,20,6,1
1954,77,48,-1
1955,552,424,1
1956,20,1,-1
1957,1440,5090,-1
1958,1393,14,-1
1959,20,6,1
1960,1390,27,-1
1961,1440,8,-1
1962,20,5,1
1963,1440,15,-1
1964,1093,5,-1
1965,20,5,1
1966,1426,39663,-1
1967,1438,51,-1
1968,1440,19,-1
1969,20,14,1
1970,1439,36,-1
1971,1440,8,-1
1972,20,7,1
1973,1436,26,-1
1974,1069,9,-1
1975,20,7,1
1976,1440,337,-1
1977,1300,11,-1
1978,20,8,1
1979,1309,27,-1
1980,575,3087,1
1981,20,120,-1
1982,566,139,1
1983,20,124,-1
1984,559,8406,1
1985,20,102,-1
1986,1437,50221,-1
1987,1434,50,-1
1988,20,22,1
1989,1440,60,-1
1990,995,16,-1
1991,20,10,1
1992,20,14,1
1993,1250,44,-1
1994,1440,1461,-1
1995,20,22,1
1996,1440,39,-1
1997,1258,11,-1
1998,20,8,1
1999,1435,32058,-1
2000,1433,40,-1
2001,20,13,1
2002,1089,43,-1
2003,564,1483,1
2004,20,241,-1
2005,1440,8559,-1
2006,1293,24,-1
2007,20,16,1
2008,1440,565,-1
2009,1440,16,-1
2010,20,10,1
2011,1007,35,-1
2012,1436,2814,-1
2013,20,21,1
2014,1440,71,-1
2015,1276,16,-1
2016,1440,32,-1
2017,1440,9,-1
2018,20,6,1
2019,1040,24,-1
2020,1440,6,-1
2021,20,5,1
2022,1440,27,-1
2023,1440,8,-1
2024,20,7,1
2025,1184,27,-1
2026,558,444,1
2027,20,93,-1
2028,1440,21880,-1
2029,1440,29,-1
2030,20,13,1
2031,1414,40,-1
2032,1440,10,-1
2033,20,8,1
2034,1021,25,-1
2035,567,2824,1
2036,20,220,-1
2037,1396,19057,1
2038,148,149,1
2039,20,89,-1
2040,1434,33026,-1
2041,1440,46,-1
2042,20,18,1
2043,1174,38,-1
2044,1440,12,-1
2045,20,10,1
2046,1440,35,-1
2047,1107,8,-1
2048,20,7,1
2049,563,327,1
2050,20,74,-1
2051,1412,47748,-1
2052,1440,126,-1
2053,20,29,1
2054,1440,54,-1
2055,998,12,-1
2056,20,13,1
2057,1440,68,-1
2058,1440,13,-1
2059,20,8,1
2060,1408,33,-1
2061,1440,16,-1
2062,20,10,1
2063,1370,46,-1
2064,557,1521,1
2065,20,160,-1
2066,612,64531,-1
2067,562,7685,1
2068,20,204,-1
2069,604,64531,-1
2070,20,37930,1
2071,563,47788,1
2072,20,251,-1
2073,555,64202,-1
2074,555,1696,1
2075,20,199,-1
2076,569,46998,1
2077,20,170,-1
2078,567,55908,1
2079,20,223,-1
2080,582,64531,-1
2081,20,38624,1
2082,568,64531,1
2083,20,245,-1
2084,572,64531,-1
2085,20,39,1
2086,661,64531,-1
2087,20,42,1
2088,574,3595,1
2089,20,177,-1
2090,568,511,1
2091,20,114,-1
2092,566,2248,1
2093,20,146,-1
2094,1440,6349,-1
2095,1395,27,-1
2096,20,35,1
2097,1425,73,-1
2098,1432,15,-1
2099,20,13,1
2100,1427,51,-1
2101,1390,18,-1
2102,20,13,1
2103,1311,44,-1
2104,1429,15,-1
2105,20,12,1
2106,1438,38,-1
2107,1440,13,-1
2108,20,11,1
2109,1440,43,-1
2110,1044,13,-1
2111,20,16,1
2112,20,8,1
2113,1440,72,-1
2114,1074,9,-1
2115,1426,5,-1
2116,1432,4,-1
2117,1343,5,-1
2118,20,149,1
2119,565,1405,1
2120,20,94,-1
2121,1440,1146,-1
2122,1439,12,-1
2123,20,8,1
2124,1430,18,-1
2125,1438,6,-1
2126,20,5,1
2127,1440,20,-1
2128,1440,6,-1
2129,20,4,1
2130,1439,14,-1
2131,1440,4,-1
2132,20,3,1
2133,1384,12,-1
2134,1432,3,-1
2135,20,3,1
2136,1440,133,-1
2137,1440,9,-1
2138,20,8,1
2139,1440,39,-1
2140,1437,10,-1
2141,20,7,1
2142,1417,32,-1
2143,1079,9,-1
2144,20,8,1
2145,1440,36,-1
2146,1422,11,-1
2147,20,7,1
2148,1440,35,-1
2149,1440,8,-1
2150,20,7,1
2151,1344,20,-1
2152,1407,6,-1
2153,20,5,1
2154,1439,406,-1
2155,1429,7,-1
2156,1432,4,-1
2157,1426,4,-1
2158,1153,7,-1
2159,1412,4,-1
2160,20,94,-1
2161,560,3450,1
2162,20,100,-1
2163,1440,48055,-1
2164,1440,47,-1
2165,20,14,1
2166,1440,38,-1
2167,1440,9,-1
2168,20,7,1
2169,1440,29,-1
2170,1112,8,-1
2171,20,6,1
2172,1440,29,-1
2173,1440,7,-1
2174,20,5,1
2175,1438,21,-1
2176,1440,7,-1
2177,20,6,1
2178,840,24,-1
2179,1439,6,-1
2180,20,4,1
2181,1434,32,-1
2182,1339,9,-1
2183,20,459,1
2184,1440,116,-1
2185,1436,12,-1
2186,1440,7,-1
2187,1440,6,-1
2188,1416,6,-1
2189,1439,8,-1
2190,1440,8,-1
2191,897,7,-1
2192,1198,5,-1
2193,1366,4,-1
2194,20,286,1
2195,562,1476,1
2196,20,62,-1
2197,1344,34901,-1
2198,560,5228,1
2199,20,192,-1
2200,1440,8782,-1
2201,1439,26,-1
2202,20,10,1
2203,938,26,-1
2204,1435,7,-1
2205,20,7,1
2206,1436,34,-1
2207,1440,6,-1
2208,1161,11,-1
2209,20,36527,1
2210,1440,1394,-1
2211,1440,20,-1
2212,20,10,1
2213,1440,31,-1
2214,1131,7,-1
2215,20,6,1
2216,1440,31,-1
2217,1440,10,-1
2218,20,7,1
2219,1149,28,-1
2220,1440,10,-1
2221,20,7,1
2222,1440,29,-1
2223,1434,8,-1
2224,20,8,1
2225,1440,46,-1
2226,1027,11,-1
2227,20,7,1
2228,1440,871,-1
2229,1190,10,-1
2230,20,6,1
2231,577,908,1
2232,546,355,1
2233,20,105,-1
2234,566,1383,1
2235,20,106,-1
2236,1406,19813,-1
2237,1440,110,-1
2238,20,19,1
2239,1440,40,-1
2240,1436,9,-1
2241,20,8,1
2242,1437,28,-1
2243,1434,6,-1
2244,20,6,1
2245,1440,24,-1
2246,1440,7,-1
2247,20,6,1
2248,1440,25,-1
2249,1056,6,-1
2250,20,5,1
2251,1440,18,-1
2252,1440,5,-1
2253,893,3,-1
2254,1440,4,-1
2255,1387,3,-1
2256,1311,48,-1
2257,1440,13614,-1
2258,20,26,1
2259,1429,43,-1
2260,1323,17,-1
2261,20,10,1
2262,504,48993,-1
2263,566,4087,1
2264,20,235,-1
2265,550,64531,-1
2266,20,40429,1
2267,604,53002,-1
2268,558,700,1
2269,20,217,-1
2270,514,63397,-1
2271,20,41473,1
2272,607,57063,-1
2273,20,44,1
2274,566,4562,1
2275,20,196,-1
2276,600,64531,-1
2277,20,46137,1
2278,605,45348,1
2279,20,290,-1
2280,20,42,-1
2281,563,3453,1
2282,20,128,-1
2283,1432,56365,-1
2284,1433,39,-1
2285,20,13,1
2286,1339,44,-1
2287,1440,12,-1
2288,20,8,1
2289,1440,36,-1
2290,969,9,-1
2291,20,9,1
2292,1440,42,-1
2293,1440,9,-1
2294,20,7,1
2295,1319,24,-1
2296,1440,328,-1
2297,20,15,1
2298,1440,23,-1
2299,1440,7,-1
2300,20,5,1
2301,1101,23,-1
2302,1440,7,-1
2303,20,7,1
2304,20,7,1
2305,1288,26,-1
2306,1434,8278,-1
2307,20,25,1
2308,1440,31,-1
2309,1440,7,-1
2310,20,5,1
2311,1435,23,-1
2312,1435,8,-1
2313,20,7,1
2314,1440,37,-1
2315,1440,9,-1
2316,20,6,1
2317,1090,25,-1
2318,1440,6,-1
2319,20,5,1
2320,1440,31,-1
2321,1440,8,-1
2322,20,9,1
2323,1440,26,-1
2324,1078,8,-1
2325,20,10,1
2326,1438,423,-1
2327,1440,17,-1
2328,1332,26,-1
2329,20,20,1
2330,1416,61,-1
2331,1433,15,-1
2332,20,9,1
2333,1325,34,-1
2334,20,419,1
2335,566,1116,1
2336,20,192,-1
2337,1436,41184,-1
2338,1412,41,-1
2339,20,16,1
2340,1437,43,-1
2341,1440,12,-1
2342,20,9,1
2343,1440,33,-1
2344,1059,11,-1
2345,20,11,1
2346,567,4238,1
2347,20,242,-1
2348,1423,19592,-1
2349,1440,45,-1
2350,20,14,1
2351,1341,49,-1
2352,1433,7240,-1
2353,1439,34,-1
2354,20,13,1
2355,1437,45,-1
2356,1411,9,-1
2357,20,7,1
2358,1440,32,-1
2359,1440,9,-1
2360,20,8,1
2361,1438,31,-1
2362,1282,10,-1
2363,20,8,1
2364,1438,26,-1
2365,1133,7,-1
2366,20,5,1
2367,1309,26,-1
2368,1432,20113,-1
2369,20,49,1
2370,1440,40,-1
2371,1436,8,-1
2372,20,6,1
2373,20,32,-1
2374,1440,2520,-1
2375,20,17,1
2376,20,10,1
2377,1355,36,-1
2378,1440,199,-1
2379,20,11,1
2380,1440,33,-1
2381,1222,9,-1
2382,20,6,1
2383,1440,798,-1
2384,1248,14,-1
2385,20,13,1
2386,1436,43,-1
2387,1431,6,-1
2388,20,5,1
2389,1276,20,-1
2390,555,3682,1
2391,20,12,-1
2392,1440,1257,-1
2393,1440,16,-1
2394,20,8,1
2395,1103,27,-1
2396,1401,921,-1
2397,20,15,1
2398,1440,562,-1
2399,1220,15,-1
